Report_ID,Report Text,Symptom Severity,Pain Level (1-10),Pain Level (1-10)_model_(llama3:latest)_rag_enabled_(True)_embeddings_(all-MiniLM-L6-v2)_retriever_(vectorstore)_reranker_(True)_simple_prompting_(True)_fewshots_method_(True)_fewshots_with_NR_method_(False)_fewshots_with_NR_extended_(False)_json_(True)_temp_(0.1)_top_k_(40)_top_p_(0.9)
1,Patient presents with mild symptoms. No complications noted. Follow-up scheduled in 2 weeks.,1,,"{""Pain Level (1-10)"": ""2""}"
2,Moderate symptoms requiring medication adjustment. Patient responding well to treatment.,2,,"{""Pain Level (1-10)"": ""2""}"
3,No significant symptoms reported. Patient appears stable and asymptomatic.,0,,"{""Pain Level (1-10)"": ""0""}"
4,Severe condition requiring immediate hospitalization. Emergency intervention performed.,3,,"{""Pain Level (1-10)"": ""3""}"
5,Patient shows mild improvement from previous visit. Continuing current treatment plan.,1a,,"{""Pain Level (1-10)"": ""1""}"
6,Asymptomatic. All vital signs are normal. Routine check-up.,0,,"{""Pain Level (1-10)"": ""0""}"
7,Patient reports significant worsening of symptoms. Requires urgent re-evaluation.,3a,,"{""Pain Level (1-10)"": ""4""}"
8,Minor issues noted. Patient prescribed new medication. Condition is 1b.,1b,,"{""Pain Level (1-10)"": ""NR""}"
9,"Patient stable, symptoms are mild and well-managed with current therapy.",1,,"{""Pain Level (1-10)"": ""1""}"
10,Moderate flare-up of chronic condition. Adjusting dosage.,2,,"{""Pain Level (1-10)"": ""2""}"
